seed,model,model_group,split,best_epoch,best_validation_score,n,accuracy,balanced_accuracy,f1_macro,roc_auc_ovr_macro,task,classes,modalities
42,logistic_elasticnet,linear,train,,0.9000579993284288,354,1.0,1.0,1.0,1.0,UCEC_molecular_subtype,CN_HIGH|CN_LOW|MSI|POLE,"mrna,gistic,log2cna,methylation,mutation"
42,logistic_elasticnet,linear,valid,,0.9000579993284288,76,0.8947368421052632,0.9100378787878788,0.9000579993284288,0.9890673562548562,UCEC_molecular_subtype,CN_HIGH|CN_LOW|MSI|POLE,"mrna,gistic,log2cna,methylation,mutation"
42,logistic_elasticnet,linear,test,,0.9000579993284288,77,0.948051948051948,0.9564031620553359,0.9564031620553359,0.9729700957072498,UCEC_molecular_subtype,CN_HIGH|CN_LOW|MSI|POLE,"mrna,gistic,log2cna,methylation,mutation"
42,extra_trees,tree_ensemble,train,,0.8985743233463598,354,1.0,1.0,1.0,1.0,UCEC_molecular_subtype,CN_HIGH|CN_LOW|MSI|POLE,"mrna,gistic,log2cna,methylation,mutation"
42,extra_trees,tree_ensemble,valid,,0.8985743233463598,76,0.9078947368421053,0.8816287878787878,0.8985743233463598,0.9932659932659933,UCEC_molecular_subtype,CN_HIGH|CN_LOW|MSI|POLE,"mrna,gistic,log2cna,methylation,mutation"
42,extra_trees,tree_ensemble,test,,0.8985743233463598,77,0.948051948051948,0.9550395256916997,0.9553310685976518,0.9785006981746112,UCEC_molecular_subtype,CN_HIGH|CN_LOW|MSI|POLE,"mrna,gistic,log2cna,methylation,mutation"
42,hist_gradient_boosting,boosting,train,,0.8385641397609482,354,1.0,1.0,1.0,1.0,UCEC_molecular_subtype,CN_HIGH|CN_LOW|MSI|POLE,"mrna,gistic,log2cna,methylation,mutation"
42,hist_gradient_boosting,boosting,valid,,0.8385641397609482,76,0.8552631578947368,0.8162878787878788,0.8385641397609482,0.9789764633514634,UCEC_molecular_subtype,CN_HIGH|CN_LOW|MSI|POLE,"mrna,gistic,log2cna,methylation,mutation"
42,hist_gradient_boosting,boosting,test,,0.8385641397609482,77,0.935064935064935,0.9441699604743083,0.9233718487394957,0.9817762094441935,UCEC_molecular_subtype,CN_HIGH|CN_LOW|MSI|POLE,"mrna,gistic,log2cna,methylation,mutation"
42,mlp_early_fusion,static_nn,train,20.0,0.9911330499565794,354,1.0,1.0,1.0,1.0,UCEC_molecular_subtype,CN_HIGH|CN_LOW|MSI|POLE,"mrna,gistic,log2cna,methylation,mutation"
42,mlp_early_fusion,static_nn,valid,20.0,0.9911330499565794,76,0.9210526315789473,0.9119318181818181,0.9101905123751628,0.9911330499565794,UCEC_molecular_subtype,CN_HIGH|CN_LOW|MSI|POLE,"mrna,gistic,log2cna,methylation,mutation"
42,mlp_early_fusion,static_nn,test,20.0,0.9911330499565794,77,0.9090909090909091,0.923300395256917,0.9019024547803618,0.9840676067454723,UCEC_molecular_subtype,CN_HIGH|CN_LOW|MSI|POLE,"mrna,gistic,log2cna,methylation,mutation"
42,liquid_cfc_modality_sequence,liquid_nn,train,17.0,0.9993686868686869,354,1.0,1.0,1.0,1.0,UCEC_molecular_subtype,CN_HIGH|CN_LOW|MSI|POLE,"mrna,gistic,log2cna,methylation,mutation"
42,liquid_cfc_modality_sequence,liquid_nn,valid,17.0,0.9993686868686869,76,0.9605263157894737,0.9460227272727273,0.9554569653948537,0.9993686868686869,UCEC_molecular_subtype,CN_HIGH|CN_LOW|MSI|POLE,"mrna,gistic,log2cna,methylation,mutation"
42,liquid_cfc_modality_sequence,liquid_nn,test,17.0,0.9993686868686869,77,0.8701298701298701,0.8893280632411067,0.8579502462881397,0.9813959602101894,UCEC_molecular_subtype,CN_HIGH|CN_LOW|MSI|POLE,"mrna,gistic,log2cna,methylation,mutation"
42,small_liquid_cfc_modality_sequence,small_liquid_nn,train,26.0,0.9966431138306138,354,1.0,1.0,1.0,1.0,UCEC_molecular_subtype,CN_HIGH|CN_LOW|MSI|POLE,"mrna,gistic,log2cna,methylation,mutation"
42,small_liquid_cfc_modality_sequence,small_liquid_nn,valid,26.0,0.9966431138306138,76,0.9342105263157895,0.9441287878787878,0.9342385346023616,0.9966431138306138,UCEC_molecular_subtype,CN_HIGH|CN_LOW|MSI|POLE,"mrna,gistic,log2cna,methylation,mutation"
42,small_liquid_cfc_modality_sequence,small_liquid_nn,test,26.0,0.9966431138306138,77,0.9090909090909091,0.9224308300395258,0.8930799592564298,0.9822365601021728,UCEC_molecular_subtype,CN_HIGH|CN_LOW|MSI|POLE,"mrna,gistic,log2cna,methylation,mutation"
43,logistic_elasticnet,linear,train,,0.8543566362715298,354,1.0,1.0,1.0,1.0,UCEC_molecular_subtype,CN_HIGH|CN_LOW|MSI|POLE,"mrna,gistic,log2cna,methylation,mutation"
43,logistic_elasticnet,linear,valid,,0.8543566362715298,76,0.868421052631579,0.8693181818181819,0.8543566362715298,0.9659506309322486,UCEC_molecular_subtype,CN_HIGH|CN_LOW|MSI|POLE,"mrna,gistic,log2cna,methylation,mutation"
43,logistic_elasticnet,linear,test,,0.8543566362715298,77,0.922077922077922,0.937391304347826,0.9063280681880017,0.9938484017394238,UCEC_molecular_subtype,CN_HIGH|CN_LOW|MSI|POLE,"mrna,gistic,log2cna,methylation,mutation"
43,extra_trees,tree_ensemble,train,,0.8800791193855978,354,1.0,1.0,1.0,1.0,UCEC_molecular_subtype,CN_HIGH|CN_LOW|MSI|POLE,"mrna,gistic,log2cna,methylation,mutation"
43,extra_trees,tree_ensemble,valid,,0.8800791193855978,76,0.881578947368421,0.8797348484848485,0.8800791193855978,0.9704939668174962,UCEC_molecular_subtype,CN_HIGH|CN_LOW|MSI|POLE,"mrna,gistic,log2cna,methylation,mutation"
43,extra_trees,tree_ensemble,test,,0.8800791193855978,77,0.935064935064935,0.9216770186335403,0.9113011212390094,0.9928230071891845,UCEC_molecular_subtype,CN_HIGH|CN_LOW|MSI|POLE,"mrna,gistic,log2cna,methylation,mutation"
43,hist_gradient_boosting,boosting,train,,0.8688478852483703,354,1.0,1.0,1.0,1.0,UCEC_molecular_subtype,CN_HIGH|CN_LOW|MSI|POLE,"mrna,gistic,log2cna,methylation,mutation"
43,hist_gradient_boosting,boosting,valid,,0.8688478852483703,76,0.868421052631579,0.8693181818181819,0.8688478852483703,0.9814162553133141,UCEC_molecular_subtype,CN_HIGH|CN_LOW|MSI|POLE,"mrna,gistic,log2cna,methylation,mutation"
43,hist_gradient_boosting,boosting,test,,0.8688478852483703,77,0.922077922077922,0.9365217391304348,0.9135045448917687,0.9887268660715866,UCEC_molecular_subtype,CN_HIGH|CN_LOW|MSI|POLE,"mrna,gistic,log2cna,methylation,mutation"
43,mlp_early_fusion,static_nn,train,34.0,0.9552974598930482,354,1.0,1.0,1.0,1.0,UCEC_molecular_subtype,CN_HIGH|CN_LOW|MSI|POLE,"mrna,gistic,log2cna,methylation,mutation"
43,mlp_early_fusion,static_nn,valid,34.0,0.9552974598930482,76,0.8421052631578947,0.865530303030303,0.846510840108401,0.9552974598930482,UCEC_molecular_subtype,CN_HIGH|CN_LOW|MSI|POLE,"mrna,gistic,log2cna,methylation,mutation"
43,mlp_early_fusion,static_nn,test,34.0,0.9552974598930482,77,0.8571428571428571,0.8811857707509881,0.8487078341975087,0.9841864098216441,UCEC_molecular_subtype,CN_HIGH|CN_LOW|MSI|POLE,"mrna,gistic,log2cna,methylation,mutation"
43,liquid_cfc_modality_sequence,liquid_nn,train,8.0,0.9762666017261605,354,1.0,1.0,1.0,1.0,UCEC_molecular_subtype,CN_HIGH|CN_LOW|MSI|POLE,"mrna,gistic,log2cna,methylation,mutation"
43,liquid_cfc_modality_sequence,liquid_nn,valid,8.0,0.9762666017261605,76,0.8552631578947368,0.8778409090909092,0.8528874269005848,0.9762666017261605,UCEC_molecular_subtype,CN_HIGH|CN_LOW|MSI|POLE,"mrna,gistic,log2cna,methylation,mutation"
43,liquid_cfc_modality_sequence,liquid_nn,test,8.0,0.9762666017261605,77,0.935064935064935,0.946897233201581,0.9345108695652173,0.9971643284983206,UCEC_molecular_subtype,CN_HIGH|CN_LOW|MSI|POLE,"mrna,gistic,log2cna,methylation,mutation"
43,small_liquid_cfc_modality_sequence,small_liquid_nn,train,13.0,0.9790088383838383,354,1.0,1.0,1.0,1.0,UCEC_molecular_subtype,CN_HIGH|CN_LOW|MSI|POLE,"mrna,gistic,log2cna,methylation,mutation"
43,small_liquid_cfc_modality_sequence,small_liquid_nn,valid,13.0,0.9790088383838383,76,0.8421052631578947,0.8664772727272727,0.8570473644003056,0.9790088383838383,UCEC_molecular_subtype,CN_HIGH|CN_LOW|MSI|POLE,"mrna,gistic,log2cna,methylation,mutation"
43,small_liquid_cfc_modality_sequence,small_liquid_nn,test,13.0,0.9790088383838383,77,0.922077922077922,0.9360276679841897,0.9138888888888889,0.9969593830265767,UCEC_molecular_subtype,CN_HIGH|CN_LOW|MSI|POLE,"mrna,gistic,log2cna,methylation,mutation"
44,logistic_elasticnet,linear,train,,0.898222016079159,354,1.0,1.0,1.0,1.0,UCEC_molecular_subtype,CN_HIGH|CN_LOW|MSI|POLE,"mrna,gistic,log2cna,methylation,mutation"
44,logistic_elasticnet,linear,valid,,0.898222016079159,76,0.9078947368421053,0.8816287878787878,0.898222016079159,0.990784780306839,UCEC_molecular_subtype,CN_HIGH|CN_LOW|MSI|POLE,"mrna,gistic,log2cna,methylation,mutation"
44,logistic_elasticnet,linear,test,,0.898222016079159,77,0.8831168831168831,0.87671654432524,0.8671122994652407,0.9792570018600509,UCEC_molecular_subtype,CN_HIGH|CN_LOW|MSI|POLE,"mrna,gistic,log2cna,methylation,mutation"
44,extra_trees,tree_ensemble,train,,0.9207662808206286,354,1.0,1.0,1.0,1.0,UCEC_molecular_subtype,CN_HIGH|CN_LOW|MSI|POLE,"mrna,gistic,log2cna,methylation,mutation"
44,extra_trees,tree_ensemble,valid,,0.9207662808206286,76,0.9342105263157895,0.9043560606060607,0.9207662808206286,0.9936011700717582,UCEC_molecular_subtype,CN_HIGH|CN_LOW|MSI|POLE,"mrna,gistic,log2cna,methylation,mutation"
44,extra_trees,tree_ensemble,test,,0.9207662808206286,77,0.8701298701298701,0.8410022586109543,0.8505288947654974,0.9801097397384806,UCEC_molecular_subtype,CN_HIGH|CN_LOW|MSI|POLE,"mrna,gistic,log2cna,methylation,mutation"
44,hist_gradient_boosting,boosting,train,,0.9107894320518906,354,1.0,1.0,1.0,1.0,UCEC_molecular_subtype,CN_HIGH|CN_LOW|MSI|POLE,"mrna,gistic,log2cna,methylation,mutation"
44,hist_gradient_boosting,boosting,valid,,0.9107894320518906,76,0.9342105263157895,0.9034090909090909,0.9107894320518906,0.9927022868199339,UCEC_molecular_subtype,CN_HIGH|CN_LOW|MSI|POLE,"mrna,gistic,log2cna,methylation,mutation"
44,hist_gradient_boosting,boosting,test,,0.9107894320518906,77,0.8311688311688312,0.8313805759457934,0.8124843115926872,0.9763784306330889,UCEC_molecular_subtype,CN_HIGH|CN_LOW|MSI|POLE,"mrna,gistic,log2cna,methylation,mutation"
44,mlp_early_fusion,static_nn,train,5.0,0.9818235617867971,354,0.9887005649717514,0.9905254641458014,0.9857618496516153,0.9990698157119119,UCEC_molecular_subtype,CN_HIGH|CN_LOW|MSI|POLE,"mrna,gistic,log2cna,methylation,mutation"
44,mlp_early_fusion,static_nn,valid,5.0,0.9818235617867971,76,0.8552631578947368,0.8361742424242424,0.828819879015436,0.9818235617867971,UCEC_molecular_subtype,CN_HIGH|CN_LOW|MSI|POLE,"mrna,gistic,log2cna,methylation,mutation"
44,mlp_early_fusion,static_nn,test,5.0,0.9818235617867971,77,0.8311688311688312,0.8580830039525692,0.8160767479817608,0.9671697404066122,UCEC_molecular_subtype,CN_HIGH|CN_LOW|MSI|POLE,"mrna,gistic,log2cna,methylation,mutation"
44,liquid_cfc_modality_sequence,liquid_nn,train,27.0,0.9931499430580314,354,1.0,1.0,1.0,1.0,UCEC_molecular_subtype,CN_HIGH|CN_LOW|MSI|POLE,"mrna,gistic,log2cna,methylation,mutation"
44,liquid_cfc_modality_sequence,liquid_nn,valid,27.0,0.9931499430580314,76,0.9078947368421053,0.9005681818181819,0.8921332853927169,0.9931499430580314,UCEC_molecular_subtype,CN_HIGH|CN_LOW|MSI|POLE,"mrna,gistic,log2cna,methylation,mutation"
44,liquid_cfc_modality_sequence,liquid_nn,test,27.0,0.9931499430580314,77,0.8961038961038961,0.887210615471485,0.8697450805008945,0.9771602991817558,UCEC_molecular_subtype,CN_HIGH|CN_LOW|MSI|POLE,"mrna,gistic,log2cna,methylation,mutation"
44,small_liquid_cfc_modality_sequence,small_liquid_nn,train,9.0,0.9913250386595975,354,1.0,1.0,1.0,1.0,UCEC_molecular_subtype,CN_HIGH|CN_LOW|MSI|POLE,"mrna,gistic,log2cna,methylation,mutation"
44,small_liquid_cfc_modality_sequence,small_liquid_nn,valid,9.0,0.9913250386595975,76,0.9078947368421053,0.9204545454545454,0.9023931623931624,0.9913250386595975,UCEC_molecular_subtype,CN_HIGH|CN_LOW|MSI|POLE,"mrna,gistic,log2cna,methylation,mutation"
44,small_liquid_cfc_modality_sequence,small_liquid_nn,test,9.0,0.9913250386595975,77,0.8441558441558441,0.8192631281761718,0.8110194069496395,0.97385684212477,UCEC_molecular_subtype,CN_HIGH|CN_LOW|MSI|POLE,"mrna,gistic,log2cna,methylation,mutation"
42,logistic_elasticnet,linear,train,,0.8632100262785526,314,1.0,1.0,1.0,1.0,COADREAD_molecular_subtype,CIN|GS|MSI,"mrna,gistic,log2cna,methylation,mutation"
42,logistic_elasticnet,linear,valid,,0.8632100262785526,67,0.9104477611940298,0.8684807256235828,0.8632100262785526,0.9743008314436885,COADREAD_molecular_subtype,CIN|GS|MSI,"mrna,gistic,log2cna,methylation,mutation"
42,logistic_elasticnet,linear,test,,0.8632100262785526,68,0.9117647058823529,0.89,0.8684807256235828,0.9694907407407407,COADREAD_molecular_subtype,CIN|GS|MSI,"mrna,gistic,log2cna,methylation,mutation"
42,extra_trees,tree_ensemble,train,,0.9149019607843137,314,1.0,1.0,1.0,1.0,COADREAD_molecular_subtype,CIN|GS|MSI,"mrna,gistic,log2cna,methylation,mutation"
42,extra_trees,tree_ensemble,valid,,0.9149019607843137,67,0.9552238805970149,0.8888888888888888,0.9149019607843137,0.994774154872677,COADREAD_molecular_subtype,CIN|GS|MSI,"mrna,gistic,log2cna,methylation,mutation"
42,extra_trees,tree_ensemble,test,,0.9149019607843137,68,0.9558823529411765,0.8833333333333333,0.9092535259717921,0.9590740740740741,COADREAD_molecular_subtype,CIN|GS|MSI,"mrna,gistic,log2cna,methylation,mutation"
42,hist_gradient_boosting,boosting,train,,0.9100271687622418,314,1.0,1.0,1.0,1.0,COADREAD_molecular_subtype,CIN|GS|MSI,"mrna,gistic,log2cna,methylation,mutation"
42,hist_gradient_boosting,boosting,valid,,0.9100271687622418,67,0.9402985074626866,0.9123204837490552,0.9100271687622418,0.9841139520942477,COADREAD_molecular_subtype,CIN|GS|MSI,"mrna,gistic,log2cna,methylation,mutation"
42,hist_gradient_boosting,boosting,test,,0.9100271687622418,68,0.9411764705882353,0.8766666666666666,0.9027175782593738,0.9518055555555556,COADREAD_molecular_subtype,CIN|GS|MSI,"mrna,gistic,log2cna,methylation,mutation"
42,mlp_early_fusion,static_nn,train,1.0,0.9943962259233196,314,0.8789808917197452,0.9446870451237263,0.8576473667927941,0.9878938790075414,COADREAD_molecular_subtype,CIN|GS|MSI,"mrna,gistic,log2cna,methylation,mutation"
42,mlp_early_fusion,static_nn,valid,1.0,0.9943962259233196,67,0.8805970149253731,0.945578231292517,0.8537037037037036,0.9943962259233196,COADREAD_molecular_subtype,CIN|GS|MSI,"mrna,gistic,log2cna,methylation,mutation"
42,mlp_early_fusion,static_nn,test,1.0,0.9943962259233196,68,0.7941176470588235,0.8366666666666666,0.7511784511784513,0.9457950191570882,COADREAD_molecular_subtype,CIN|GS|MSI,"mrna,gistic,log2cna,methylation,mutation"
42,liquid_cfc_modality_sequence,liquid_nn,train,4.0,0.9896004378762999,314,0.9904458598726115,0.9956331877729258,0.9861203715136299,1.0,COADREAD_molecular_subtype,CIN|GS|MSI,"mrna,gistic,log2cna,methylation,mutation"
42,liquid_cfc_modality_sequence,liquid_nn,valid,4.0,0.9896004378762999,67,0.9402985074626866,0.9425547996976569,0.9194444444444444,0.9896004378762999,COADREAD_molecular_subtype,CIN|GS|MSI,"mrna,gistic,log2cna,methylation,mutation"
42,liquid_cfc_modality_sequence,liquid_nn,test,4.0,0.9896004378762999,68,0.9411764705882353,0.9383333333333334,0.9116980125383486,0.9569907407407406,COADREAD_molecular_subtype,CIN|GS|MSI,"mrna,gistic,log2cna,methylation,mutation"
42,small_liquid_cfc_modality_sequence,small_liquid_nn,train,5.0,0.9937837203847056,314,0.9840764331210191,0.992721979621543,0.9770716298143416,0.9997825983967464,COADREAD_molecular_subtype,CIN|GS|MSI,"mrna,gistic,log2cna,methylation,mutation"
42,small_liquid_cfc_modality_sequence,small_liquid_nn,valid,5.0,0.9937837203847056,67,0.9701492537313433,0.9863945578231292,0.9597222222222221,0.9937837203847056,COADREAD_molecular_subtype,CIN|GS|MSI,"mrna,gistic,log2cna,methylation,mutation"
42,small_liquid_cfc_modality_sequence,small_liquid_nn,test,5.0,0.9937837203847056,68,0.9264705882352942,0.9316666666666666,0.8950985711701934,0.9513425925925926,COADREAD_molecular_subtype,CIN|GS|MSI,"mrna,gistic,log2cna,methylation,mutation"
43,logistic_elasticnet,linear,train,,0.8878143133462283,314,1.0,1.0,1.0,1.0,COADREAD_molecular_subtype,CIN|GS|MSI,"mrna,gistic,log2cna,methylation,mutation"
43,logistic_elasticnet,linear,valid,,0.8878143133462283,67,0.9104477611940298,0.9289493575207861,0.8878143133462283,0.9576849897046941,COADREAD_molecular_subtype,CIN|GS|MSI,"mrna,gistic,log2cna,methylation,mutation"
43,logistic_elasticnet,linear,test,,0.8878143133462283,68,0.9117647058823529,0.9249999999999999,0.8791666666666668,0.969537037037037,COADREAD_molecular_subtype,CIN|GS|MSI,"mrna,gistic,log2cna,methylation,mutation"
43,extra_trees,tree_ensemble,train,,0.8822877901825269,314,1.0,1.0,1.0,1.0,COADREAD_molecular_subtype,CIN|GS|MSI,"mrna,gistic,log2cna,methylation,mutation"
43,extra_trees,tree_ensemble,valid,,0.8822877901825269,67,0.9253731343283582,0.8752834467120181,0.8822877901825269,0.9571376443297627,COADREAD_molecular_subtype,CIN|GS|MSI,"mrna,gistic,log2cna,methylation,mutation"
43,extra_trees,tree_ensemble,test,,0.8822877901825269,68,0.9705882352941176,0.9249999999999999,0.9536979704162366,0.9601085568326949,COADREAD_molecular_subtype,CIN|GS|MSI,"mrna,gistic,log2cna,methylation,mutation"
43,hist_gradient_boosting,boosting,train,,0.9024561403508772,314,1.0,1.0,1.0,1.0,COADREAD_molecular_subtype,CIN|GS|MSI,"mrna,gistic,log2cna,methylation,mutation"
43,hist_gradient_boosting,boosting,valid,,0.9024561403508772,67,0.9402985074626866,0.8820861678004536,0.9024561403508772,0.937446242864962,COADREAD_molecular_subtype,CIN|GS|MSI,"mrna,gistic,log2cna,methylation,mutation"
43,hist_gradient_boosting,boosting,test,,0.9024561403508772,68,0.9264705882352942,0.8966666666666666,0.8724823262638388,0.952962962962963,COADREAD_molecular_subtype,CIN|GS|MSI,"mrna,gistic,log2cna,methylation,mutation"
43,mlp_early_fusion,static_nn,train,3.0,0.9602653321865144,314,0.964968152866242,0.9773138779422729,0.9515406642355417,0.9984521260432371,COADREAD_molecular_subtype,CIN|GS|MSI,"mrna,gistic,log2cna,methylation,mutation"
43,mlp_early_fusion,static_nn,valid,3.0,0.9602653321865144,67,0.8208955223880597,0.8881330309901738,0.8011991257605292,0.9602653321865144,COADREAD_molecular_subtype,CIN|GS|MSI,"mrna,gistic,log2cna,methylation,mutation"
43,mlp_early_fusion,static_nn,test,3.0,0.9602653321865144,68,0.9117647058823529,0.9249999999999999,0.8791666666666668,0.9510185185185186,COADREAD_molecular_subtype,CIN|GS|MSI,"mrna,gistic,log2cna,methylation,mutation"
43,liquid_cfc_modality_sequence,liquid_nn,train,5.0,0.9661036828524514,314,1.0,1.0,1.0,1.0,COADREAD_molecular_subtype,CIN|GS|MSI,"mrna,gistic,log2cna,methylation,mutation"
43,liquid_cfc_modality_sequence,liquid_nn,valid,5.0,0.9661036828524514,67,0.9104477611940298,0.8987150415721844,0.8739035087719298,0.9661036828524514,COADREAD_molecular_subtype,CIN|GS|MSI,"mrna,gistic,log2cna,methylation,mutation"
43,liquid_cfc_modality_sequence,liquid_nn,test,5.0,0.9661036828524514,68,0.9558823529411765,0.91,0.9107936507936508,0.9634722222222222,COADREAD_molecular_subtype,CIN|GS|MSI,"mrna,gistic,log2cna,methylation,mutation"
43,small_liquid_cfc_modality_sequence,small_liquid_nn,train,21.0,0.9643313264002918,314,1.0,1.0,1.0,1.0,COADREAD_molecular_subtype,CIN|GS|MSI,"mrna,gistic,log2cna,methylation,mutation"
43,small_liquid_cfc_modality_sequence,small_liquid_nn,valid,21.0,0.9643313264002918,67,0.9253731343283582,0.9055177626606198,0.8950985711701934,0.9643313264002918,COADREAD_molecular_subtype,CIN|GS|MSI,"mrna,gistic,log2cna,methylation,mutation"
43,small_liquid_cfc_modality_sequence,small_liquid_nn,test,21.0,0.9643313264002918,68,0.9411764705882353,0.9383333333333334,0.9116980125383486,0.9587962962962964,COADREAD_molecular_subtype,CIN|GS|MSI,"mrna,gistic,log2cna,methylation,mutation"
44,logistic_elasticnet,linear,train,,0.8388888888888889,314,1.0,1.0,1.0,1.0,COADREAD_molecular_subtype,CIN|GS|MSI,"mrna,gistic,log2cna,methylation,mutation"
44,logistic_elasticnet,linear,valid,,0.8388888888888889,67,0.8805970149253731,0.854875283446712,0.8388888888888889,0.9354653738890192,COADREAD_molecular_subtype,CIN|GS|MSI,"mrna,gistic,log2cna,methylation,mutation"
44,logistic_elasticnet,linear,test,,0.8388888888888889,68,0.9411764705882353,0.8416666666666667,0.8775093072487042,0.9624616858237548,COADREAD_molecular_subtype,CIN|GS|MSI,"mrna,gistic,log2cna,methylation,mutation"
44,extra_trees,tree_ensemble,train,,0.8580615341331564,314,1.0,1.0,1.0,1.0,COADREAD_molecular_subtype,CIN|GS|MSI,"mrna,gistic,log2cna,methylation,mutation"
44,extra_trees,tree_ensemble,valid,,0.8580615341331564,67,0.9104477611940298,0.8684807256235828,0.8580615341331564,0.9178460656293167,COADREAD_molecular_subtype,CIN|GS|MSI,"mrna,gistic,log2cna,methylation,mutation"
44,extra_trees,tree_ensemble,test,,0.8580615341331564,68,0.9264705882352942,0.8083333333333332,0.8549043549043548,0.9663505747126436,COADREAD_molecular_subtype,CIN|GS|MSI,"mrna,gistic,log2cna,methylation,mutation"
44,hist_gradient_boosting,boosting,train,,0.839176074470192,314,1.0,1.0,1.0,1.0,COADREAD_molecular_subtype,CIN|GS|MSI,"mrna,gistic,log2cna,methylation,mutation"
44,hist_gradient_boosting,boosting,valid,,0.839176074470192,67,0.8955223880597015,0.8314436885865457,0.839176074470192,0.9237626084916726,COADREAD_molecular_subtype,CIN|GS|MSI,"mrna,gistic,log2cna,methylation,mutation"
44,hist_gradient_boosting,boosting,test,,0.839176074470192,68,0.9264705882352942,0.7999999999999999,0.8427350427350427,0.9573770753512133,COADREAD_molecular_subtype,CIN|GS|MSI,"mrna,gistic,log2cna,methylation,mutation"
44,mlp_early_fusion,static_nn,train,9.0,0.9222508926942424,314,1.0,1.0,1.0,1.0,COADREAD_molecular_subtype,CIN|GS|MSI,"mrna,gistic,log2cna,methylation,mutation"
44,mlp_early_fusion,static_nn,valid,9.0,0.9222508926942424,67,0.8507462686567164,0.871504157218443,0.8092226613965744,0.9222508926942424,COADREAD_molecular_subtype,CIN|GS|MSI,"mrna,gistic,log2cna,methylation,mutation"
44,mlp_early_fusion,static_nn,test,9.0,0.9222508926942424,68,0.9411764705882353,0.9116666666666666,0.8982810561757929,0.9682215836526181,COADREAD_molecular_subtype,CIN|GS|MSI,"mrna,gistic,log2cna,methylation,mutation"
44,liquid_cfc_modality_sequence,liquid_nn,train,3.0,0.9356999504782756,314,0.9936305732484076,0.9970887918486172,0.9907766290868184,0.9997818471902663,COADREAD_molecular_subtype,CIN|GS|MSI,"mrna,gistic,log2cna,methylation,mutation"
44,liquid_cfc_modality_sequence,liquid_nn,valid,3.0,0.9356999504782756,67,0.8507462686567164,0.8412698412698413,0.7915514592933947,0.9356999504782756,COADREAD_molecular_subtype,CIN|GS|MSI,"mrna,gistic,log2cna,methylation,mutation"
44,liquid_cfc_modality_sequence,liquid_nn,test,3.0,0.9356999504782756,68,0.9558823529411765,0.945,0.9310754604872251,0.9812037037037037,COADREAD_molecular_subtype,CIN|GS|MSI,"mrna,gistic,log2cna,methylation,mutation"
44,small_liquid_cfc_modality_sequence,small_liquid_nn,train,8.0,0.9313733156097688,314,1.0,1.0,1.0,1.0,COADREAD_molecular_subtype,CIN|GS|MSI,"mrna,gistic,log2cna,methylation,mutation"
44,small_liquid_cfc_modality_sequence,small_liquid_nn,valid,8.0,0.9313733156097688,67,0.8656716417910447,0.817838246409675,0.7907407407407407,0.9313733156097688,COADREAD_molecular_subtype,CIN|GS|MSI,"mrna,gistic,log2cna,methylation,mutation"
44,small_liquid_cfc_modality_sequence,small_liquid_nn,test,8.0,0.9313733156097688,68,0.9264705882352942,0.8266666666666667,0.8428499604970193,0.9616666666666666,COADREAD_molecular_subtype,CIN|GS|MSI,"mrna,gistic,log2cna,methylation,mutation"
42,logistic_elasticnet,linear,train,,0.9721904761904762,340,1.0,1.0,1.0,1.0,HNSC_HPV_status,HPV_NEG|HPV_POS,"mrna,gistic,log2cna,methylation,mutation"
42,logistic_elasticnet,linear,valid,,0.9721904761904762,73,0.9863013698630136,0.9545454545454546,0.9721904761904762,0.9178885630498533,HNSC_HPV_status,HPV_NEG|HPV_POS,"mrna,gistic,log2cna,methylation,mutation"
42,logistic_elasticnet,linear,test,,0.9721904761904762,74,0.9864864864864865,0.9920634920634921,0.9742608695652174,1.0,HNSC_HPV_status,HPV_NEG|HPV_POS,"mrna,gistic,log2cna,methylation,mutation"
42,extra_trees,tree_ensemble,train,,0.942063492063492,340,1.0,1.0,1.0,1.0,HNSC_HPV_status,HPV_NEG|HPV_POS,"mrna,gistic,log2cna,methylation,mutation"
42,extra_trees,tree_ensemble,valid,,0.942063492063492,73,0.9726027397260274,0.9090909090909092,0.942063492063492,0.9574780058651026,HNSC_HPV_status,HPV_NEG|HPV_POS,"mrna,gistic,log2cna,methylation,mutation"
42,extra_trees,tree_ensemble,test,,0.942063492063492,74,1.0,1.0,1.0,1.0,HNSC_HPV_status,HPV_NEG|HPV_POS,"mrna,gistic,log2cna,methylation,mutation"
42,hist_gradient_boosting,boosting,train,,0.9464809384164223,340,1.0,1.0,1.0,1.0,HNSC_HPV_status,HPV_NEG|HPV_POS,"mrna,gistic,log2cna,methylation,mutation"
42,hist_gradient_boosting,boosting,valid,,0.9464809384164223,73,0.9726027397260274,0.9464809384164223,0.9464809384164223,0.9090909090909091,HNSC_HPV_status,HPV_NEG|HPV_POS,"mrna,gistic,log2cna,methylation,mutation"
42,hist_gradient_boosting,boosting,test,,0.9464809384164223,74,0.9864864864864865,0.9920634920634921,0.9742608695652174,1.0,HNSC_HPV_status,HPV_NEG|HPV_POS,"mrna,gistic,log2cna,methylation,mutation"
42,mlp_early_fusion,static_nn,train,1.0,0.9222873900293255,340,0.9411764705882353,0.9572413793103448,0.8974606429820857,0.994,HNSC_HPV_status,HPV_NEG|HPV_POS,"mrna,gistic,log2cna,methylation,mutation"
42,mlp_early_fusion,static_nn,valid,1.0,0.9222873900293255,73,0.7671232876712328,0.8255131964809383,0.6922886188941235,0.9222873900293255,HNSC_HPV_status,HPV_NEG|HPV_POS,"mrna,gistic,log2cna,methylation,mutation"
42,mlp_early_fusion,static_nn,test,1.0,0.9222873900293255,74,0.7972972972972973,0.8809523809523809,0.7297297297297298,1.0,HNSC_HPV_status,HPV_NEG|HPV_POS,"mrna,gistic,log2cna,methylation,mutation"
42,liquid_cfc_modality_sequence,liquid_nn,train,3.0,0.9648093841642229,340,1.0,1.0,1.0,1.0,HNSC_HPV_status,HPV_NEG|HPV_POS,"mrna,gistic,log2cna,methylation,mutation"
42,liquid_cfc_modality_sequence,liquid_nn,valid,3.0,0.9648093841642229,73,0.9041095890410958,0.906158357771261,0.840958605664488,0.9648093841642229,HNSC_HPV_status,HPV_NEG|HPV_POS,"mrna,gistic,log2cna,methylation,mutation"
42,liquid_cfc_modality_sequence,liquid_nn,test,3.0,0.9648093841642229,74,0.9324324324324325,0.9603174603174602,0.886746250382614,1.0,HNSC_HPV_status,HPV_NEG|HPV_POS,"mrna,gistic,log2cna,methylation,mutation"
42,small_liquid_cfc_modality_sequence,small_liquid_nn,train,2.0,0.9633431085043989,340,0.9735294117647059,0.9844827586206897,0.9508346856472629,0.9999310344827587,HNSC_HPV_status,HPV_NEG|HPV_POS,"mrna,gistic,log2cna,methylation,mutation"
42,small_liquid_cfc_modality_sequence,small_liquid_nn,valid,2.0,0.9633431085043989,73,0.821917808219178,0.8577712609970674,0.7455081791364977,0.9633431085043989,HNSC_HPV_status,HPV_NEG|HPV_POS,"mrna,gistic,log2cna,methylation,mutation"
42,small_liquid_cfc_modality_sequence,small_liquid_nn,test,2.0,0.9633431085043989,74,0.918918918918919,0.9523809523809523,0.8678571428571429,1.0,HNSC_HPV_status,HPV_NEG|HPV_POS,"mrna,gistic,log2cna,methylation,mutation"
43,logistic_elasticnet,linear,train,,1.0,340,1.0,1.0,1.0,1.0,HNSC_HPV_status,HPV_NEG|HPV_POS,"mrna,gistic,log2cna,methylation,mutation"
43,logistic_elasticnet,linear,valid,,1.0,73,1.0,1.0,1.0,1.0,HNSC_HPV_status,HPV_NEG|HPV_POS,"mrna,gistic,log2cna,methylation,mutation"
43,logistic_elasticnet,linear,test,,1.0,74,0.9459459459459459,0.9682539682539683,0.9066834804539723,0.98989898989899,HNSC_HPV_status,HPV_NEG|HPV_POS,"mrna,gistic,log2cna,methylation,mutation"
43,extra_trees,tree_ensemble,train,,0.942063492063492,340,1.0,1.0,1.0,1.0,HNSC_HPV_status,HPV_NEG|HPV_POS,"mrna,gistic,log2cna,methylation,mutation"
43,extra_trees,tree_ensemble,valid,,0.942063492063492,73,0.9726027397260274,0.9090909090909092,0.942063492063492,1.0,HNSC_HPV_status,HPV_NEG|HPV_POS,"mrna,gistic,log2cna,methylation,mutation"
43,extra_trees,tree_ensemble,test,,0.942063492063492,74,0.9459459459459459,0.8181818181818181,0.8735042735042735,1.0,HNSC_HPV_status,HPV_NEG|HPV_POS,"mrna,gistic,log2cna,methylation,mutation"
43,hist_gradient_boosting,boosting,train,,1.0,340,1.0,1.0,1.0,1.0,HNSC_HPV_status,HPV_NEG|HPV_POS,"mrna,gistic,log2cna,methylation,mutation"
43,hist_gradient_boosting,boosting,valid,,1.0,73,1.0,1.0,1.0,1.0,HNSC_HPV_status,HPV_NEG|HPV_POS,"mrna,gistic,log2cna,methylation,mutation"
43,hist_gradient_boosting,boosting,test,,1.0,74,0.9594594594594594,0.9011544011544012,0.9167604049493814,0.9870129870129871,HNSC_HPV_status,HPV_NEG|HPV_POS,"mrna,gistic,log2cna,methylation,mutation"
43,mlp_early_fusion,static_nn,train,1.0,1.0,340,0.9470588235294117,0.9606896551724138,0.9064563462949377,0.9957241379310344,HNSC_HPV_status,HPV_NEG|HPV_POS,"mrna,gistic,log2cna,methylation,mutation"
43,mlp_early_fusion,static_nn,valid,1.0,1.0,73,0.9041095890410958,0.9435483870967742,0.8493958149130563,1.0,HNSC_HPV_status,HPV_NEG|HPV_POS,"mrna,gistic,log2cna,methylation,mutation"
43,mlp_early_fusion,static_nn,test,1.0,1.0,74,0.8513513513513513,0.9126984126984127,0.7855072463768116,0.9841269841269842,HNSC_HPV_status,HPV_NEG|HPV_POS,"mrna,gistic,log2cna,methylation,mutation"
43,liquid_cfc_modality_sequence,liquid_nn,train,2.0,1.0,340,0.9882352941176471,0.993103448275862,0.9772970085470085,1.0,HNSC_HPV_status,HPV_NEG|HPV_POS,"mrna,gistic,log2cna,methylation,mutation"
43,liquid_cfc_modality_sequence,liquid_nn,valid,2.0,1.0,73,0.9452054794520548,0.967741935483871,0.9064102564102564,1.0,HNSC_HPV_status,HPV_NEG|HPV_POS,"mrna,gistic,log2cna,methylation,mutation"
43,liquid_cfc_modality_sequence,liquid_nn,test,2.0,1.0,74,0.9864864864864865,0.9920634920634921,0.9742608695652174,0.9985569985569986,HNSC_HPV_status,HPV_NEG|HPV_POS,"mrna,gistic,log2cna,methylation,mutation"
43,small_liquid_cfc_modality_sequence,small_liquid_nn,train,2.0,1.0,340,0.961764705882353,0.9693103448275862,0.9300178913535679,0.9968965517241379,HNSC_HPV_status,HPV_NEG|HPV_POS,"mrna,gistic,log2cna,methylation,mutation"
43,small_liquid_cfc_modality_sequence,small_liquid_nn,valid,2.0,1.0,73,0.9452054794520548,0.967741935483871,0.9064102564102564,1.0,HNSC_HPV_status,HPV_NEG|HPV_POS,"mrna,gistic,log2cna,methylation,mutation"
43,small_liquid_cfc_modality_sequence,small_liquid_nn,test,2.0,1.0,74,0.9324324324324325,0.9603174603174602,0.886746250382614,1.0,HNSC_HPV_status,HPV_NEG|HPV_POS,"mrna,gistic,log2cna,methylation,mutation"
44,logistic_elasticnet,linear,train,,0.950136612021858,340,1.0,1.0,1.0,1.0,HNSC_HPV_status,HPV_NEG|HPV_POS,"mrna,gistic,log2cna,methylation,mutation"
44,logistic_elasticnet,linear,valid,,0.950136612021858,73,0.9726027397260274,0.9838709677419355,0.950136612021858,0.9970674486803519,HNSC_HPV_status,HPV_NEG|HPV_POS,"mrna,gistic,log2cna,methylation,mutation"
44,logistic_elasticnet,linear,test,,0.950136612021858,74,0.972972972972973,0.9466089466089466,0.9466089466089466,0.9437229437229437,HNSC_HPV_status,HPV_NEG|HPV_POS,"mrna,gistic,log2cna,methylation,mutation"
44,extra_trees,tree_ensemble,train,,0.942063492063492,340,1.0,1.0,1.0,1.0,HNSC_HPV_status,HPV_NEG|HPV_POS,"mrna,gistic,log2cna,methylation,mutation"
44,extra_trees,tree_ensemble,valid,,0.942063492063492,73,0.9726027397260274,0.9090909090909092,0.942063492063492,0.998533724340176,HNSC_HPV_status,HPV_NEG|HPV_POS,"mrna,gistic,log2cna,methylation,mutation"
44,extra_trees,tree_ensemble,test,,0.942063492063492,74,0.972972972972973,0.9090909090909092,0.9421875,0.9841269841269841,HNSC_HPV_status,HPV_NEG|HPV_POS,"mrna,gistic,log2cna,methylation,mutation"
44,hist_gradient_boosting,boosting,train,,0.9721904761904762,340,1.0,1.0,1.0,1.0,HNSC_HPV_status,HPV_NEG|HPV_POS,"mrna,gistic,log2cna,methylation,mutation"
44,hist_gradient_boosting,boosting,valid,,0.9721904761904762,73,0.9863013698630136,0.9545454545454546,0.9721904761904762,0.9956011730205279,HNSC_HPV_status,HPV_NEG|HPV_POS,"mrna,gistic,log2cna,methylation,mutation"
44,hist_gradient_boosting,boosting,test,,0.9721904761904762,74,0.9459459459459459,0.8932178932178932,0.8932178932178932,0.9653679653679654,HNSC_HPV_status,HPV_NEG|HPV_POS,"mrna,gistic,log2cna,methylation,mutation"
44,mlp_early_fusion,static_nn,train,1.0,1.0,340,0.9588235294117647,0.9758620689655173,0.9262290000619924,0.9973793103448275,HNSC_HPV_status,HPV_NEG|HPV_POS,"mrna,gistic,log2cna,methylation,mutation"
44,mlp_early_fusion,static_nn,valid,1.0,1.0,73,0.8356164383561644,0.9032258064516129,0.7699579831932774,1.0,HNSC_HPV_status,HPV_NEG|HPV_POS,"mrna,gistic,log2cna,methylation,mutation"
44,mlp_early_fusion,static_nn,test,1.0,1.0,74,0.8243243243243243,0.8593073593073592,0.7465085638998683,0.9783549783549783,HNSC_HPV_status,HPV_NEG|HPV_POS,"mrna,gistic,log2cna,methylation,mutation"
44,liquid_cfc_modality_sequence,liquid_nn,train,2.0,0.9941348973607038,340,0.9852941176470589,0.9913793103448276,0.9718426501035197,0.9998620689655172,HNSC_HPV_status,HPV_NEG|HPV_POS,"mrna,gistic,log2cna,methylation,mutation"
44,liquid_cfc_modality_sequence,liquid_nn,valid,2.0,0.9941348973607038,73,0.9315068493150684,0.9222873900293255,0.8793388429752067,0.9941348973607038,HNSC_HPV_status,HPV_NEG|HPV_POS,"mrna,gistic,log2cna,methylation,mutation"
44,liquid_cfc_modality_sequence,liquid_nn,test,2.0,0.9941348973607038,74,0.972972972972973,0.9466089466089466,0.9466089466089466,0.9321789321789321,HNSC_HPV_status,HPV_NEG|HPV_POS,"mrna,gistic,log2cna,methylation,mutation"
44,small_liquid_cfc_modality_sequence,small_liquid_nn,train,3.0,1.0,340,0.9911764705882353,0.9948275862068965,0.9828372398243341,1.0,HNSC_HPV_status,HPV_NEG|HPV_POS,"mrna,gistic,log2cna,methylation,mutation"
44,small_liquid_cfc_modality_sequence,small_liquid_nn,valid,3.0,1.0,73,0.9863013698630136,0.9919354838709677,0.9741958289148109,1.0,HNSC_HPV_status,HPV_NEG|HPV_POS,"mrna,gistic,log2cna,methylation,mutation"
44,small_liquid_cfc_modality_sequence,small_liquid_nn,test,3.0,1.0,74,0.918918918918919,0.9148629148629148,0.8600252206809584,0.9321789321789322,HNSC_HPV_status,HPV_NEG|HPV_POS,"mrna,gistic,log2cna,methylation,mutation"
42,logistic_elasticnet,linear,train,,0.641697223677318,352,1.0,1.0,1.0,1.0,KIRC_grade_binary,HIGH_GRADE|LOW_GRADE,"mrna,gistic,log2cna,methylation,mutation"
42,logistic_elasticnet,linear,valid,,0.641697223677318,76,0.6447368421052632,0.642156862745098,0.641697223677318,0.7380952380952381,KIRC_grade_binary,HIGH_GRADE|LOW_GRADE,"mrna,gistic,log2cna,methylation,mutation"
42,logistic_elasticnet,linear,test,,0.641697223677318,76,0.5789473684210527,0.5798319327731092,0.5777777777777777,0.6526610644257703,KIRC_grade_binary,HIGH_GRADE|LOW_GRADE,"mrna,gistic,log2cna,methylation,mutation"
42,extra_trees,tree_ensemble,train,,0.7054263565891472,352,1.0,1.0,1.0,1.0,KIRC_grade_binary,HIGH_GRADE|LOW_GRADE,"mrna,gistic,log2cna,methylation,mutation"
42,extra_trees,tree_ensemble,valid,,0.7054263565891472,76,0.7105263157894737,0.7044817927170868,0.7054263565891472,0.734593837535014,KIRC_grade_binary,HIGH_GRADE|LOW_GRADE,"mrna,gistic,log2cna,methylation,mutation"
42,extra_trees,tree_ensemble,test,,0.7054263565891472,76,0.6842105263157895,0.6722689075630253,0.6731182795698925,0.7093837535014005,KIRC_grade_binary,HIGH_GRADE|LOW_GRADE,"mrna,gistic,log2cna,methylation,mutation"
42,hist_gradient_boosting,boosting,train,,0.6822299651567945,352,1.0,1.0,1.0,1.0,KIRC_grade_binary,HIGH_GRADE|LOW_GRADE,"mrna,gistic,log2cna,methylation,mutation"
42,hist_gradient_boosting,boosting,valid,,0.6822299651567945,76,0.6842105263157895,0.6834733893557423,0.6822299651567945,0.7009803921568627,KIRC_grade_binary,HIGH_GRADE|LOW_GRADE,"mrna,gistic,log2cna,methylation,mutation"
42,hist_gradient_boosting,boosting,test,,0.6822299651567945,76,0.6973684210526315,0.6785714285714286,0.6771929824561403,0.7507002801120449,KIRC_grade_binary,HIGH_GRADE|LOW_GRADE,"mrna,gistic,log2cna,methylation,mutation"
42,mlp_early_fusion,static_nn,train,16.0,0.7023809523809523,352,1.0,1.0,1.0,1.0,KIRC_grade_binary,HIGH_GRADE|LOW_GRADE,"mrna,gistic,log2cna,methylation,mutation"
42,mlp_early_fusion,static_nn,valid,16.0,0.7023809523809523,76,0.6710526315789473,0.6687675070028012,0.6682381700715907,0.7023809523809523,KIRC_grade_binary,HIGH_GRADE|LOW_GRADE,"mrna,gistic,log2cna,methylation,mutation"
42,mlp_early_fusion,static_nn,test,16.0,0.7023809523809523,76,0.6973684210526315,0.7009803921568627,0.6968961331714929,0.8179271708683473,KIRC_grade_binary,HIGH_GRADE|LOW_GRADE,"mrna,gistic,log2cna,methylation,mutation"
42,liquid_cfc_modality_sequence,liquid_nn,train,6.0,0.7492997198879552,352,1.0,1.0,1.0,1.0,KIRC_grade_binary,HIGH_GRADE|LOW_GRADE,"mrna,gistic,log2cna,methylation,mutation"
42,liquid_cfc_modality_sequence,liquid_nn,valid,6.0,0.7492997198879552,76,0.6710526315789473,0.6687675070028012,0.6682381700715907,0.7492997198879552,KIRC_grade_binary,HIGH_GRADE|LOW_GRADE,"mrna,gistic,log2cna,methylation,mutation"
42,liquid_cfc_modality_sequence,liquid_nn,test,6.0,0.7492997198879552,76,0.7105263157894737,0.7016806722689075,0.703125,0.7521008403361344,KIRC_grade_binary,HIGH_GRADE|LOW_GRADE,"mrna,gistic,log2cna,methylation,mutation"
42,small_liquid_cfc_modality_sequence,small_liquid_nn,train,2.0,0.7044817927170869,352,0.8352272727272727,0.8381073418711507,0.8347952743162323,0.925636262912634,KIRC_grade_binary,HIGH_GRADE|LOW_GRADE,"mrna,gistic,log2cna,methylation,mutation"
42,small_liquid_cfc_modality_sequence,small_liquid_nn,valid,2.0,0.7044817927170869,76,0.7105263157894737,0.7128851540616247,0.7097222222222221,0.7044817927170869,KIRC_grade_binary,HIGH_GRADE|LOW_GRADE,"mrna,gistic,log2cna,methylation,mutation"
42,small_liquid_cfc_modality_sequence,small_liquid_nn,test,2.0,0.7044817927170869,76,0.6447368421052632,0.6393557422969187,0.6396839332748024,0.6799719887955182,KIRC_grade_binary,HIGH_GRADE|LOW_GRADE,"mrna,gistic,log2cna,methylation,mutation"
43,logistic_elasticnet,linear,train,,0.602787456445993,352,1.0,1.0,1.0,1.0,KIRC_grade_binary,HIGH_GRADE|LOW_GRADE,"mrna,gistic,log2cna,methylation,mutation"
43,logistic_elasticnet,linear,valid,,0.602787456445993,76,0.6052631578947368,0.6036414565826331,0.602787456445993,0.6512605042016807,KIRC_grade_binary,HIGH_GRADE|LOW_GRADE,"mrna,gistic,log2cna,methylation,mutation"
43,logistic_elasticnet,linear,test,,0.602787456445993,76,0.75,0.7485994397759104,0.7478610092544089,0.7591036414565826,KIRC_grade_binary,HIGH_GRADE|LOW_GRADE,"mrna,gistic,log2cna,methylation,mutation"
43,extra_trees,tree_ensemble,train,,0.7605042016806722,352,1.0,1.0,1.0,1.0,KIRC_grade_binary,HIGH_GRADE|LOW_GRADE,"mrna,gistic,log2cna,methylation,mutation"
43,extra_trees,tree_ensemble,valid,,0.7605042016806722,76,0.7631578947368421,0.7605042016806722,0.7605042016806722,0.830532212885154,KIRC_grade_binary,HIGH_GRADE|LOW_GRADE,"mrna,gistic,log2cna,methylation,mutation"
43,extra_trees,tree_ensemble,test,,0.7605042016806722,76,0.7105263157894737,0.6988795518207283,0.700358422939068,0.7093837535014006,KIRC_grade_binary,HIGH_GRADE|LOW_GRADE,"mrna,gistic,log2cna,methylation,mutation"
43,hist_gradient_boosting,boosting,train,,0.7857646229739252,352,1.0,1.0,1.0,1.0,KIRC_grade_binary,HIGH_GRADE|LOW_GRADE,"mrna,gistic,log2cna,methylation,mutation"
43,hist_gradient_boosting,boosting,valid,,0.7857646229739252,76,0.7894736842105263,0.7843137254901962,0.7857646229739252,0.8417366946778712,KIRC_grade_binary,HIGH_GRADE|LOW_GRADE,"mrna,gistic,log2cna,methylation,mutation"
43,hist_gradient_boosting,boosting,test,,0.7857646229739252,76,0.7236842105263158,0.7247899159663866,0.7224830464267084,0.7436974789915967,KIRC_grade_binary,HIGH_GRADE|LOW_GRADE,"mrna,gistic,log2cna,methylation,mutation"
43,mlp_early_fusion,static_nn,train,1.0,0.8095238095238095,352,0.8068181818181818,0.8144165281715384,0.8068181818181818,0.8844787695115196,KIRC_grade_binary,HIGH_GRADE|LOW_GRADE,"mrna,gistic,log2cna,methylation,mutation"
43,mlp_early_fusion,static_nn,valid,1.0,0.8095238095238095,76,0.6842105263157895,0.6890756302521008,0.683991683991684,0.8095238095238095,KIRC_grade_binary,HIGH_GRADE|LOW_GRADE,"mrna,gistic,log2cna,methylation,mutation"
43,mlp_early_fusion,static_nn,test,1.0,0.8095238095238095,76,0.618421052631579,0.6211484593837535,0.6178255592162303,0.6638655462184874,KIRC_grade_binary,HIGH_GRADE|LOW_GRADE,"mrna,gistic,log2cna,methylation,mutation"
43,liquid_cfc_modality_sequence,liquid_nn,train,1.0,0.819327731092437,352,0.8096590909090909,0.8114673966174601,0.8089792083458203,0.9045198292436537,KIRC_grade_binary,HIGH_GRADE|LOW_GRADE,"mrna,gistic,log2cna,methylation,mutation"
43,liquid_cfc_modality_sequence,liquid_nn,valid,1.0,0.819327731092437,76,0.75,0.7514005602240896,0.7489132324813076,0.819327731092437,KIRC_grade_binary,HIGH_GRADE|LOW_GRADE,"mrna,gistic,log2cna,methylation,mutation"
43,liquid_cfc_modality_sequence,liquid_nn,test,1.0,0.819327731092437,76,0.631578947368421,0.6302521008403361,0.6292682926829268,0.6337535014005602,KIRC_grade_binary,HIGH_GRADE|LOW_GRADE,"mrna,gistic,log2cna,methylation,mutation"
43,small_liquid_cfc_modality_sequence,small_liquid_nn,train,1.0,0.761904761904762,352,0.7414772727272727,0.7481832697885098,0.741475186234393,0.8276794733926418,KIRC_grade_binary,HIGH_GRADE|LOW_GRADE,"mrna,gistic,log2cna,methylation,mutation"
43,small_liquid_cfc_modality_sequence,small_liquid_nn,valid,1.0,0.761904761904762,76,0.7105263157894737,0.7212885154061625,0.7103257103257103,0.761904761904762,KIRC_grade_binary,HIGH_GRADE|LOW_GRADE,"mrna,gistic,log2cna,methylation,mutation"
43,small_liquid_cfc_modality_sequence,small_liquid_nn,test,1.0,0.761904761904762,76,0.6052631578947368,0.6176470588235294,0.6041666666666667,0.6785714285714286,KIRC_grade_binary,HIGH_GRADE|LOW_GRADE,"mrna,gistic,log2cna,methylation,mutation"
44,logistic_elasticnet,linear,train,,0.6960528603721092,352,1.0,1.0,1.0,1.0,KIRC_grade_binary,HIGH_GRADE|LOW_GRADE,"mrna,gistic,log2cna,methylation,mutation"
44,logistic_elasticnet,linear,valid,,0.6960528603721092,76,0.6973684210526315,0.6981792717086834,0.6960528603721092,0.7352941176470589,KIRC_grade_binary,HIGH_GRADE|LOW_GRADE,"mrna,gistic,log2cna,methylation,mutation"
44,logistic_elasticnet,linear,test,,0.6960528603721092,76,0.6447368421052632,0.642156862745098,0.641697223677318,0.7254901960784315,KIRC_grade_binary,HIGH_GRADE|LOW_GRADE,"mrna,gistic,log2cna,methylation,mutation"
44,extra_trees,tree_ensemble,train,,0.7338935574229692,352,1.0,1.0,1.0,1.0,KIRC_grade_binary,HIGH_GRADE|LOW_GRADE,"mrna,gistic,log2cna,methylation,mutation"
44,extra_trees,tree_ensemble,valid,,0.7338935574229692,76,0.7368421052631579,0.7338935574229692,0.7338935574229692,0.803921568627451,KIRC_grade_binary,HIGH_GRADE|LOW_GRADE,"mrna,gistic,log2cna,methylation,mutation"
44,extra_trees,tree_ensemble,test,,0.7338935574229692,76,0.7631578947368421,0.757703081232493,0.7589852008456659,0.803921568627451,KIRC_grade_binary,HIGH_GRADE|LOW_GRADE,"mrna,gistic,log2cna,methylation,mutation"
44,hist_gradient_boosting,boosting,train,,0.6663740122914839,352,1.0,1.0,1.0,1.0,KIRC_grade_binary,HIGH_GRADE|LOW_GRADE,"mrna,gistic,log2cna,methylation,mutation"
44,hist_gradient_boosting,boosting,valid,,0.6663740122914839,76,0.6710526315789473,0.6659663865546219,0.6663740122914839,0.7226890756302521,KIRC_grade_binary,HIGH_GRADE|LOW_GRADE,"mrna,gistic,log2cna,methylation,mutation"
44,hist_gradient_boosting,boosting,test,,0.6663740122914839,76,0.6710526315789473,0.6659663865546219,0.6663740122914839,0.7324929971988796,KIRC_grade_binary,HIGH_GRADE|LOW_GRADE,"mrna,gistic,log2cna,methylation,mutation"
44,mlp_early_fusion,static_nn,train,4.0,0.7654061624649859,352,0.9573863636363636,0.9578160132955322,0.9570532685878822,0.9928308404210252,KIRC_grade_binary,HIGH_GRADE|LOW_GRADE,"mrna,gistic,log2cna,methylation,mutation"
44,mlp_early_fusion,static_nn,valid,4.0,0.7654061624649859,76,0.6973684210526315,0.703781512605042,0.6973160173160173,0.7654061624649859,KIRC_grade_binary,HIGH_GRADE|LOW_GRADE,"mrna,gistic,log2cna,methylation,mutation"
44,mlp_early_fusion,static_nn,test,4.0,0.7654061624649859,76,0.7368421052631579,0.7394957983193278,0.7361111111111112,0.7913165266106442,KIRC_grade_binary,HIGH_GRADE|LOW_GRADE,"mrna,gistic,log2cna,methylation,mutation"
44,liquid_cfc_modality_sequence,liquid_nn,train,3.0,0.7745098039215687,352,0.9659090909090909,0.9672499755596833,0.9656920077972709,0.9961221364095545,KIRC_grade_binary,HIGH_GRADE|LOW_GRADE,"mrna,gistic,log2cna,methylation,mutation"
44,liquid_cfc_modality_sequence,liquid_nn,valid,3.0,0.7745098039215687,76,0.6973684210526315,0.7009803921568627,0.6968961331714929,0.7745098039215687,KIRC_grade_binary,HIGH_GRADE|LOW_GRADE,"mrna,gistic,log2cna,methylation,mutation"
44,liquid_cfc_modality_sequence,liquid_nn,test,3.0,0.7745098039215687,76,0.6973684210526315,0.6981792717086834,0.6960528603721092,0.7850140056022409,KIRC_grade_binary,HIGH_GRADE|LOW_GRADE,"mrna,gistic,log2cna,methylation,mutation"
44,small_liquid_cfc_modality_sequence,small_liquid_nn,train,4.0,0.8207282913165266,352,0.9772727272727273,0.9781666503731221,0.9771064355630711,0.9966761169224754,KIRC_grade_binary,HIGH_GRADE|LOW_GRADE,"mrna,gistic,log2cna,methylation,mutation"
44,small_liquid_cfc_modality_sequence,small_liquid_nn,valid,4.0,0.8207282913165266,76,0.7105263157894737,0.7156862745098038,0.7103257103257103,0.8207282913165266,KIRC_grade_binary,HIGH_GRADE|LOW_GRADE,"mrna,gistic,log2cna,methylation,mutation"
44,small_liquid_cfc_modality_sequence,small_liquid_nn,test,4.0,0.8207282913165266,76,0.7105263157894737,0.7016806722689075,0.703125,0.7535014005602241,KIRC_grade_binary,HIGH_GRADE|LOW_GRADE,"mrna,gistic,log2cna,methylation,mutation"
42,logistic_elasticnet,linear,train,,0.6593629539460337,340,1.0,1.0,1.0,1.0,PRAD_pathologic_T_stage,T2|T3_T4,"mrna,gistic,log2cna,methylation,mutation"
42,logistic_elasticnet,linear,valid,,0.6593629539460337,73,0.684931506849315,0.6567460317460317,0.6593629539460337,0.696031746031746,PRAD_pathologic_T_stage,T2|T3_T4,"mrna,gistic,log2cna,methylation,mutation"
42,logistic_elasticnet,linear,test,,0.6593629539460337,74,0.6756756756756757,0.6482919254658386,0.6501182033096926,0.8004658385093169,PRAD_pathologic_T_stage,T2|T3_T4,"mrna,gistic,log2cna,methylation,mutation"
42,extra_trees,tree_ensemble,train,,0.7206632653061225,340,1.0,1.0,1.0,1.0,PRAD_pathologic_T_stage,T2|T3_T4,"mrna,gistic,log2cna,methylation,mutation"
42,extra_trees,tree_ensemble,valid,,0.7206632653061225,73,0.7534246575342466,0.7123015873015872,0.7206632653061225,0.803968253968254,PRAD_pathologic_T_stage,T2|T3_T4,"mrna,gistic,log2cna,methylation,mutation"
42,extra_trees,tree_ensemble,test,,0.7206632653061225,74,0.7162162162162162,0.6739130434782609,0.6796536796536796,0.811335403726708,PRAD_pathologic_T_stage,T2|T3_T4,"mrna,gistic,log2cna,methylation,mutation"
42,hist_gradient_boosting,boosting,train,,0.708184304649695,340,1.0,1.0,1.0,1.0,PRAD_pathologic_T_stage,T2|T3_T4,"mrna,gistic,log2cna,methylation,mutation"
42,hist_gradient_boosting,boosting,valid,,0.708184304649695,73,0.7397260273972602,0.7011904761904761,0.708184304649695,0.780952380952381,PRAD_pathologic_T_stage,T2|T3_T4,"mrna,gistic,log2cna,methylation,mutation"
42,hist_gradient_boosting,boosting,test,,0.708184304649695,74,0.7972972972972973,0.7600931677018633,0.7711811997526283,0.8454968944099379,PRAD_pathologic_T_stage,T2|T3_T4,"mrna,gistic,log2cna,methylation,mutation"
42,mlp_early_fusion,static_nn,train,2.0,0.796031746031746,340,0.9029411764705882,0.9110814858102926,0.8999277553313889,0.9769166149238467,PRAD_pathologic_T_stage,T2|T3_T4,"mrna,gistic,log2cna,methylation,mutation"
42,mlp_early_fusion,static_nn,valid,2.0,0.796031746031746,73,0.726027397260274,0.7305555555555556,0.7196620583717357,0.796031746031746,PRAD_pathologic_T_stage,T2|T3_T4,"mrna,gistic,log2cna,methylation,mutation"
42,mlp_early_fusion,static_nn,test,2.0,0.796031746031746,74,0.7432432432432432,0.7305900621118013,0.7289377289377289,0.7895962732919255,PRAD_pathologic_T_stage,T2|T3_T4,"mrna,gistic,log2cna,methylation,mutation"
42,liquid_cfc_modality_sequence,liquid_nn,train,2.0,0.8126984126984127,340,0.9088235294117647,0.9115928266189415,0.9051399051399052,0.978742832097593,PRAD_pathologic_T_stage,T2|T3_T4,"mrna,gistic,log2cna,methylation,mutation"
42,liquid_cfc_modality_sequence,liquid_nn,valid,2.0,0.8126984126984127,73,0.7397260273972602,0.7281746031746033,0.7265917602996255,0.8126984126984127,PRAD_pathologic_T_stage,T2|T3_T4,"mrna,gistic,log2cna,methylation,mutation"
42,liquid_cfc_modality_sequence,liquid_nn,test,2.0,0.8126984126984127,74,0.7702702702702703,0.7383540372670807,0.7457044673539519,0.8338509316770187,PRAD_pathologic_T_stage,T2|T3_T4,"mrna,gistic,log2cna,methylation,mutation"
42,small_liquid_cfc_modality_sequence,small_liquid_nn,train,3.0,0.8420634920634921,340,0.9264705882352942,0.9373424887687644,0.9243442425968617,0.9897731838270207,PRAD_pathologic_T_stage,T2|T3_T4,"mrna,gistic,log2cna,methylation,mutation"
42,small_liquid_cfc_modality_sequence,small_liquid_nn,valid,3.0,0.8420634920634921,73,0.726027397260274,0.7103174603174603,0.7103174603174603,0.8420634920634921,PRAD_pathologic_T_stage,T2|T3_T4,"mrna,gistic,log2cna,methylation,mutation"
42,small_liquid_cfc_modality_sequence,small_liquid_nn,test,3.0,0.8420634920634921,74,0.7702702702702703,0.7523291925465838,0.75405669599218,0.7958074534161491,PRAD_pathologic_T_stage,T2|T3_T4,"mrna,gistic,log2cna,methylation,mutation"
43,logistic_elasticnet,linear,train,,0.5871040723981901,340,1.0,1.0,1.0,1.0,PRAD_pathologic_T_stage,T2|T3_T4,"mrna,gistic,log2cna,methylation,mutation"
43,logistic_elasticnet,linear,valid,,0.5871040723981901,73,0.589041095890411,0.605952380952381,0.5871040723981901,0.6492063492063492,PRAD_pathologic_T_stage,T2|T3_T4,"mrna,gistic,log2cna,methylation,mutation"
43,logistic_elasticnet,linear,test,,0.5871040723981901,74,0.6351351351351351,0.6296583850931676,0.6235161107970605,0.672360248447205,PRAD_pathologic_T_stage,T2|T3_T4,"mrna,gistic,log2cna,methylation,mutation"
43,extra_trees,tree_ensemble,train,,0.7103174603174603,340,1.0,1.0,1.0,1.0,PRAD_pathologic_T_stage,T2|T3_T4,"mrna,gistic,log2cna,methylation,mutation"
43,extra_trees,tree_ensemble,valid,,0.7103174603174603,73,0.726027397260274,0.7103174603174603,0.7103174603174603,0.7976190476190476,PRAD_pathologic_T_stage,T2|T3_T4,"mrna,gistic,log2cna,methylation,mutation"
43,extra_trees,tree_ensemble,test,,0.7103174603174603,74,0.6756756756756757,0.6413043478260869,0.6442307692307692,0.7259316770186336,PRAD_pathologic_T_stage,T2|T3_T4,"mrna,gistic,log2cna,methylation,mutation"
43,hist_gradient_boosting,boosting,train,,0.6889835666463786,340,1.0,1.0,1.0,1.0,PRAD_pathologic_T_stage,T2|T3_T4,"mrna,gistic,log2cna,methylation,mutation"
43,hist_gradient_boosting,boosting,valid,,0.6889835666463786,73,0.7123287671232876,0.6857142857142857,0.6889835666463786,0.7404761904761905,PRAD_pathologic_T_stage,T2|T3_T4,"mrna,gistic,log2cna,methylation,mutation"
43,hist_gradient_boosting,boosting,test,,0.6889835666463786,74,0.6756756756756757,0.6482919254658386,0.6501182033096926,0.7135093167701863,PRAD_pathologic_T_stage,T2|T3_T4,"mrna,gistic,log2cna,methylation,mutation"
43,mlp_early_fusion,static_nn,train,1.0,0.7801587301587303,340,0.8147058823529412,0.8421600496731072,0.8136986301369864,0.9432776945834398,PRAD_pathologic_T_stage,T2|T3_T4,"mrna,gistic,log2cna,methylation,mutation"
43,mlp_early_fusion,static_nn,valid,1.0,0.7801587301587303,73,0.7123287671232876,0.732936507936508,0.710372189684489,0.7801587301587303,PRAD_pathologic_T_stage,T2|T3_T4,"mrna,gistic,log2cna,methylation,mutation"
43,mlp_early_fusion,static_nn,test,1.0,0.7801587301587303,74,0.6486486486486487,0.6894409937888198,0.6486486486486487,0.7422360248447205,PRAD_pathologic_T_stage,T2|T3_T4,"mrna,gistic,log2cna,methylation,mutation"
43,liquid_cfc_modality_sequence,liquid_nn,train,1.0,0.7738095238095238,340,0.8235294117647058,0.8493370831659302,0.8223244147157192,0.9211439424376346,PRAD_pathologic_T_stage,T2|T3_T4,"mrna,gistic,log2cna,methylation,mutation"
43,liquid_cfc_modality_sequence,liquid_nn,valid,1.0,0.7738095238095238,73,0.7123287671232876,0.732936507936508,0.710372189684489,0.7738095238095238,PRAD_pathologic_T_stage,T2|T3_T4,"mrna,gistic,log2cna,methylation,mutation"
43,liquid_cfc_modality_sequence,liquid_nn,test,1.0,0.7738095238095238,74,0.6486486486486487,0.6894409937888198,0.6486486486486487,0.6964285714285715,PRAD_pathologic_T_stage,T2|T3_T4,"mrna,gistic,log2cna,methylation,mutation"
43,small_liquid_cfc_modality_sequence,small_liquid_nn,train,1.0,0.8317460317460317,340,0.7941176470588235,0.8182913912122429,0.7927118171683389,0.892326235435918,PRAD_pathologic_T_stage,T2|T3_T4,"mrna,gistic,log2cna,methylation,mutation"
43,small_liquid_cfc_modality_sequence,small_liquid_nn,valid,1.0,0.8317460317460317,73,0.7123287671232876,0.7261904761904762,0.7088319088319088,0.8317460317460317,PRAD_pathologic_T_stage,T2|T3_T4,"mrna,gistic,log2cna,methylation,mutation"
43,small_liquid_cfc_modality_sequence,small_liquid_nn,test,1.0,0.8317460317460317,74,0.6486486486486487,0.6754658385093167,0.6476190476190475,0.7577639751552795,PRAD_pathologic_T_stage,T2|T3_T4,"mrna,gistic,log2cna,methylation,mutation"
44,logistic_elasticnet,linear,train,,0.5917068466730955,340,1.0,1.0,1.0,1.0,PRAD_pathologic_T_stage,T2|T3_T4,"mrna,gistic,log2cna,methylation,mutation"
44,logistic_elasticnet,linear,valid,,0.5917068466730955,73,0.6027397260273972,0.5968253968253968,0.5917068466730955,0.6873015873015873,PRAD_pathologic_T_stage,T2|T3_T4,"mrna,gistic,log2cna,methylation,mutation"
44,logistic_elasticnet,linear,test,,0.5917068466730955,74,0.5540540540540541,0.5504658385093167,0.5439775910364146,0.642080745341615,PRAD_pathologic_T_stage,T2|T3_T4,"mrna,gistic,log2cna,methylation,mutation"
44,extra_trees,tree_ensemble,train,,0.6402523161837177,340,1.0,1.0,1.0,1.0,PRAD_pathologic_T_stage,T2|T3_T4,"mrna,gistic,log2cna,methylation,mutation"
44,extra_trees,tree_ensemble,valid,,0.6402523161837177,73,0.6575342465753424,0.6412698412698412,0.6402523161837177,0.7587301587301587,PRAD_pathologic_T_stage,T2|T3_T4,"mrna,gistic,log2cna,methylation,mutation"
44,extra_trees,tree_ensemble,test,,0.6402523161837177,74,0.7027027027027027,0.6979813664596273,0.6916666666666667,0.7531055900621118,PRAD_pathologic_T_stage,T2|T3_T4,"mrna,gistic,log2cna,methylation,mutation"
44,hist_gradient_boosting,boosting,train,,0.6645354645354645,340,1.0,1.0,1.0,1.0,PRAD_pathologic_T_stage,T2|T3_T4,"mrna,gistic,log2cna,methylation,mutation"
44,hist_gradient_boosting,boosting,valid,,0.6645354645354645,73,0.684931506849315,0.6634920634920635,0.6645354645354645,0.7404761904761905,PRAD_pathologic_T_stage,T2|T3_T4,"mrna,gistic,log2cna,methylation,mutation"
44,hist_gradient_boosting,boosting,test,,0.6645354645354645,74,0.7027027027027027,0.6909937888198758,0.6881226053639846,0.7057453416149069,PRAD_pathologic_T_stage,T2|T3_T4,"mrna,gistic,log2cna,methylation,mutation"
44,mlp_early_fusion,static_nn,train,2.0,0.7992063492063491,340,0.9205882352941176,0.9297089009825048,0.9181227089075,0.9883852587749735,PRAD_pathologic_T_stage,T2|T3_T4,"mrna,gistic,log2cna,methylation,mutation"
44,mlp_early_fusion,static_nn,valid,2.0,0.7992063492063491,73,0.6986301369863014,0.7218253968253968,0.697209653092006,0.7992063492063491,PRAD_pathologic_T_stage,T2|T3_T4,"mrna,gistic,log2cna,methylation,mutation"
44,mlp_early_fusion,static_nn,test,2.0,0.7992063492063491,74,0.6891891891891891,0.7150621118012422,0.6877637130801688,0.7142857142857142,PRAD_pathologic_T_stage,T2|T3_T4,"mrna,gistic,log2cna,methylation,mutation"
44,liquid_cfc_modality_sequence,liquid_nn,train,1.0,0.7277777777777777,340,0.8470588235294118,0.8627780415647028,0.8444538288288288,0.9405748931662954,PRAD_pathologic_T_stage,T2|T3_T4,"mrna,gistic,log2cna,methylation,mutation"
44,liquid_cfc_modality_sequence,liquid_nn,valid,1.0,0.7277777777777777,73,0.6575342465753424,0.6615079365079366,0.6509848919487473,0.7277777777777777,PRAD_pathologic_T_stage,T2|T3_T4,"mrna,gistic,log2cna,methylation,mutation"
44,liquid_cfc_modality_sequence,liquid_nn,test,1.0,0.7277777777777777,74,0.5675675675675675,0.5753105590062111,0.5624538063562454,0.6777950310559007,PRAD_pathologic_T_stage,T2|T3_T4,"mrna,gistic,log2cna,methylation,mutation"
44,small_liquid_cfc_modality_sequence,small_liquid_nn,train,2.0,0.7785714285714287,340,0.8970588235294118,0.9062967968150772,0.8940819396356063,0.9701230870375105,PRAD_pathologic_T_stage,T2|T3_T4,"mrna,gistic,log2cna,methylation,mutation"
44,small_liquid_cfc_modality_sequence,small_liquid_nn,valid,2.0,0.7785714285714287,73,0.7397260273972602,0.7416666666666667,0.7324975891996143,0.7785714285714287,PRAD_pathologic_T_stage,T2|T3_T4,"mrna,gistic,log2cna,methylation,mutation"
44,small_liquid_cfc_modality_sequence,small_liquid_nn,test,2.0,0.7785714285714287,74,0.6081081081081081,0.6218944099378882,0.6045697438732265,0.6459627329192547,PRAD_pathologic_T_stage,T2|T3_T4,"mrna,gistic,log2cna,methylation,mutation"
